Date,Stock Allocation (%),Bond Allocation (%),Signal,Portfolio Value,Buy & Hold Value
2019-01-02,0.0,100.0,SELL,10000.938492063491,10000.0
2019-01-03,0.0,100.0,SELL,10001.873103577333,9752.433237849746
2019-01-04,0.0,100.0,SELL,10002.808993132025,10087.289793349082
2019-01-07,0.0,100.0,SELL,10003.742985574914,10158.006079608609
2019-01-08,0.0,100.0,SELL,10004.695723002113,10256.490958275397
2019-01-09,0.0,100.0,SELL,10005.644581048857,10298.522328418385
2019-01-10,0.0,100.0,SELL,10006.587573345683,10345.055636785217
2019-01-11,0.0,100.0,SELL,10007.528669081748,10343.541710656846
2019-01-14,0.0,100.0,SELL,10008.465882084092,10289.159890519237
2019-01-15,0.0,100.0,SELL,10009.4123175681,10399.4772970841
2019-01-16,0.0,100.0,SELL,10010.350898572322,10422.584590622424
2019-01-17,0.0,100.0,SELL,10011.286389697962,10501.707150910548
2019-01-18,0.0,100.0,SELL,10012.21918733459,10640.151711334127
2019-01-22,0.0,100.0,SELL,10013.150879953411,10489.516061561017
2019-01-23,0.0,100.0,SELL,10014.085838049463,10512.623355099338
2019-01-24,0.0,100.0,SELL,10015.001808996158,10527.085333641427
2019-01-25,0.0,100.0,SELL,10015.92700440137,10616.446815376707
2019-01-28,0.0,100.0,SELL,10016.85427256412,10533.14103815492
2019-01-29,0.0,100.0,SELL,10017.794346387715,10517.802576064825
2019-01-30,0.0,100.0,SELL,10018.734508436492,10681.346438090379
2019-01-31,0.0,100.0,SELL,10019.66481949799,10773.17800982458
2019-02-01,0.0,100.0,SELL,10020.595216945514,10782.859169013913
2019-02-04,0.0,100.0,SELL,10021.52371257375,10855.926024788545
2019-02-05,0.0,100.0,SELL,10022.464224620584,10907.040951701767
2019-02-06,49.05,50.95,SELL,10012.006835981361,10882.778293486528
2019-02-07,63.18,36.82,BUY,9953.161979087348,10780.94684127281
2019-02-08,79.46,20.54,BUY,9958.702389224669,10788.237590785762
2019-02-11,95.74,4.26,BUY,9965.502987041707,10795.886901750175
2019-02-12,100.0,0.0,BUY,10093.96081394309,10935.048585076667
2019-02-13,100.0,0.0,BUY,10124.484717844649,10968.115918933236
2019-02-14,100.0,0.0,BUY,10097.638392726409,10939.032601203966
2019-02-15,100.0,0.0,BUY,10207.48767098419,11058.035162926335
2019-02-19,100.0,0.0,BUY,10222.786398722803,11074.608670015892
2019-02-20,100.0,0.0,BUY,10240.953637912404,11094.289709684737
2019-02-21,100.0,0.0,BUY,10204.839814260198,11055.166671314679
2019-02-22,100.0,0.0,BUY,10270.263940815468,11126.042318219297
2019-02-25,100.0,0.0,BUY,10282.914811830091,11139.7473336972
2019-02-26,100.0,0.0,BUY,10274.787362718953,11130.942658055872
2019-02-27,100.0,0.0,BUY,10269.197442968307,11124.88695354238
2019-02-28,100.0,0.0,BUY,10240.181346367908,11093.453066298003
2019-03-01,100.0,0.0,BUY,10310.790859007662,11169.946175942112
2019-03-04,100.0,0.0,BUY,10270.778801845136,11126.600080477117
2019-03-05,100.0,0.0,BUY,10259.157652889844,11114.010589514859
2019-03-06,100.0,0.0,BUY,10192.225719033411,11041.501495998047
2019-03-07,100.0,0.0,BUY,10109.406644833036,10951.781452811312
2019-03-08,100.0,0.0,BUY,10087.85603316278,10928.435118305351
2019-03-11,100.0,0.0,BUY,10235.805027615761,11088.71208710652
2019-03-12,100.0,0.0,BUY,10266.034725214655,11121.460699672904
2019-03-13,100.0,0.0,BUY,10337.37975361107,11198.750612542472
2019-03-14,100.0,0.0,BUY,10328.40646137977,11189.029613191866
2019-03-15,100.0,0.0,BUY,10379.892564346255,11244.805838974027
2019-03-18,100.0,0.0,BUY,10418.360038419787,11286.478647665557
2019-03-19,100.0,0.0,BUY,10416.999334269958,11285.004561698457
2019-03-20,100.0,0.0,BUY,10386.328327217065,11251.777867196797
2019-03-21,100.0,0.0,BUY,10499.046116925836,11373.887961498458
2019-03-22,100.0,0.0,BUY,10299.831674233368,11158.073807882764
2019-03-25,100.0,0.0,BUY,10291.189364092565,11148.711369983615
2019-03-26,100.0,0.0,BUY,10365.108697637304,11228.79009414229
2019-03-27,100.0,0.0,BUY,10316.96919136364,11176.639323035968
2019-03-28,100.0,0.0,BUY,10354.002409711678,11216.758365437854
2019-03-29,100.0,0.0,BUY,10423.729303443435,11292.295311211412
2019-04-01,100.0,0.0,BUY,10544.317111748513,11422.93120002549
2019-04-02,100.0,0.0,BUY,10544.500990687677,11423.130400831853
2019-04-03,100.0,0.0,BUY,10567.154875992932,11447.671940176006
2019-04-04,100.0,0.0,BUY,10589.183572905022,11471.536196778516
2019-04-05,100.0,0.0,BUY,10638.279249662348,11524.722812077933
2019-04-08,100.0,0.0,BUY,10649.42231337581,11536.794380943644
2019-04-09,100.0,0.0,BUY,10584.807254152869,11466.795217587029
2019-04-10,100.0,0.0,BUY,10621.619817773906,11506.675219021274
2019-04-11,100.0,0.0,BUY,10622.024351440072,11507.113460795277
2019-04-12,100.0,0.0,BUY,10692.229330413656,11583.16832866538
2019-04-15,100.0,0.0,BUY,10685.49936124018,11575.877579152428
2019-04-16,100.0,0.0,BUY,10690.942177839494,11581.773923020826
2019-04-17,100.0,0.0,BUY,10666.633382081745,11555.43957641939
2019-04-18,100.0,0.0,BUY,10683.476692909353,11573.686370282412
2019-04-22,100.0,0.0,BUY,10694.288774532315,11585.399377696665
2019-04-23,100.0,0.0,BUY,10788.839325051484,11687.82843232948
2019-04-24,100.0,0.0,BUY,10765.192493474733,11662.211208630957
2019-04-25,100.0,0.0,BUY,10761.220708388748,11657.908471213477
2019-04-26,100.0,0.0,BUY,10811.64031350807,11712.529332318723
2019-04-29,100.0,0.0,BUY,10823.22468667553,11725.07898311971
2019-04-30,100.0,0.0,BUY,10833.521907268825,11736.234228276142
2019-05-01,100.0,0.0,BUY,10752.247416157443,11648.187471862871
2019-05-02,100.0,0.0,BUY,10729.409651913022,11623.446731712354
2019-05-03,100.0,0.0,BUY,10832.823167299992,11735.477265211954
2019-05-06,100.0,0.0,BUY,10784.389454723661,11683.007772815448
2019-05-07,100.0,0.0,BUY,10606.321090035288,11490.101711931717
2019-05-08,100.0,0.0,BUY,10589.293900268513,11471.655717262329
2019-05-09,100.0,0.0,BUY,10557.298964853624,11436.994776954842
2019-05-10,100.0,0.0,BUY,10596.575506259489,11479.544069194379
2019-05-13,100.0,0.0,BUY,10340.873453455219,11202.535427863399
2019-05-14,100.0,0.0,BUY,10423.766079231262,11292.33515137268
2019-05-15,100.0,0.0,BUY,10484.630008095215,11358.270618279448
2019-05-16,100.0,0.0,BUY,10577.893406040223,11459.305267267708
2019-05-17,100.0,0.0,BUY,10516.146858268272,11392.413636490386
2019-05-20,100.0,0.0,BUY,10445.169587750188,11315.522125233549
2019-05-21,100.0,0.0,BUY,10533.90956379171,11411.656434385233
2019-05-22,100.0,0.0,BUY,10504.157951434647,11379.425743915397
2019-05-23,100.0,0.0,BUY,10379.009945438253,11243.84967510347
2019-05-24,67.49,32.51,BUY,10388.797739504813,11259.068616709746
2019-05-28,0.0,100.0,SELL,10389.745098917725,11164.76695497662
2019-05-29,0.0,100.0,SELL,10390.692544720792,11087.596562590872
2019-05-30,0.0,100.0,SELL,10391.645024870724,11110.863216774289
2019-05-31,0.0,100.0,SELL,10392.590582094615,10964.251423289748
2019-06-03,0.0,100.0,SELL,10393.53086409966,10933.933060561016
2019-06-04,12.06,87.94,SELL,10421.222776875691,11168.272889168642
2019-06-05,40.63,59.37,SELL,10456.343509999133,11259.427178161202
2019-06-06,71.05,28.95,BUY,10502.197117504955,11328.510017808538
2019-06-07,100.0,0.0,BUY,10612.445644476222,11447.432899208363
2019-06-10,100.0,0.0,BUY,10661.90051134876,11500.778875152873
2019-06-11,100.0,0.0,BUY,10658.170159179883,11496.755018864304
2019-06-12,100.0,0.0,BUY,10636.45286140464,11473.329004035797
2019-06-13,100.0,0.0,BUY,10680.035193674685,11520.340394337903
2019-06-14,100.0,0.0,BUY,10662.823865846005,11501.774879184699
2019-06-17,100.0,0.0,BUY,10672.759160236381,11512.491882567128
2019-06-18,100.0,0.0,BUY,10776.470337367138,11624.363055421636
2019-06-19,100.0,0.0,BUY,10808.640008051216,11659.063835890394
2019-06-20,100.0,0.0,BUY,10911.021554705936,11769.500762939073
2019-06-21,100.0,0.0,BUY,10897.282039786905,11754.680222945528
2019-06-24,100.0,0.0,BUY,10878.408673863181,11734.321900535038
2019-06-25,100.0,0.0,BUY,10775.103772711213,11622.888969454534
2019-06-26,100.0,0.0,BUY,10761.807467950859,11608.546511396264
2019-06-27,100.0,0.0,BUY,10802.952144348174,11652.928451054355
2019-06-28,100.0,0.0,BUY,10865.149303282717,11720.019282638043
2019-07-01,100.0,0.0,BUY,10948.509747294154,11809.93852663114
2019-07-02,100.0,0.0,BUY,10980.568615438562,11844.519786616082
2019-07-03,100.0,0.0,BUY,11064.815479767358,11935.395194479732
2019-07-05,100.0,0.0,BUY,11044.834088446936,11913.841667231052
2019-07-08,100.0,0.0,BUY,10991.427264326183,11856.232794030333
2019-07-09,100.0,0.0,BUY,11005.019042525657,11870.893973378788
2019-07-10,100.0,0.0,BUY,11054.658580297644,11924.439150129665
2019-07-11,100.0,0.0,BUY,11079.921559342316,11951.689820440377
2019-07-12,100.0,0.0,BUY,11131.112332669678,12006.908283964718
2019-07-15,100.0,0.0,BUY,11133.069844203841,12009.019812512186
2019-07-16,100.0,0.0,BUY,11095.175375636833,11968.143807046115
2019-07-17,100.0,0.0,BUY,11022.710514692906,11889.977410628544
2019-07-18,100.0,0.0,BUY,11062.193152995178,11932.566543029352
2019-07-19,100.0,0.0,BUY,10993.864920198916,11858.862244674352
2019-07-22,100.0,0.0,BUY,11024.963499666188,11892.407660466197
2019-07-23,100.0,0.0,BUY,11100.456963361084,11973.840950108153
2019-07-24,100.0,0.0,BUY,11152.497222825914,12029.975737341772
2019-07-25,100.0,0.0,BUY,11093.808810980909,11966.669721079019
2019-07-26,100.0,0.0,BUY,11175.765756156534,12055.075038943747
2019-07-29,100.0,0.0,BUY,11157.704942190385,12035.59320008126
2019-07-30,100.0,0.0,BUY,11128.933216056175,12004.557714449615
2019-07-31,100.0,0.0,BUY,11007.789106017399,11873.881985474265
2019-08-01,100.0,0.0,BUY,10908.731635552764,11767.030672940153
2019-08-02,100.0,0.0,BUY,10829.286214609652,11681.33448604199
2019-08-05,100.0,0.0,BUY,10506.813889991186,11333.490037967664
2019-08-06,33.01,66.99,SELL,10552.512677943003,11481.018155161482
2019-08-07,0.0,100.0,SELL,10553.33677893309,11489.82283080281
2019-08-08,0.0,100.0,SELL,10554.16178184795,11705.397943450867
2019-08-09,0.0,100.0,SELL,10554.978472938212,11627.948669936208
2019-08-12,0.0,100.0,SELL,10555.786012561062,11484.723290159869
2019-08-13,0.0,100.0,SELL,10556.60492373783,11658.506073632578
2019-08-14,0.0,100.0,SELL,10557.404209539198,11316.996211200654
2019-08-15,0.0,100.0,SELL,10558.176324458173,11344.884324091734
2019-08-16,0.0,100.0,SELL,10558.940116340693,11508.547706601106
2019-08-19,0.0,100.0,SELL,10559.71653364369,11647.868750572694
2019-08-20,0.0,100.0,SELL,10560.512702747417,11555.678617387035
2019-08-21,0.0,100.0,SELL,10561.32066578277,11650.976283151984
2019-08-22,0.0,100.0,SELL,10562.132881633972,11645.079939283585
2019-08-23,0.0,100.0,SELL,10562.933424245239,11342.932156189361
2019-08-26,0.0,100.0,SELL,10563.743668305124,11467.512340489948
2019-08-27,0.0,100.0,SELL,10564.558166477644,11430.779711796265
2019-08-28,0.0,100.0,SELL,10565.371469765063,11505.599534666908
2019-08-29,0.0,100.0,SELL,10566.184835663926,11651.57388557108
2019-08-30,0.0,100.0,SELL,10566.99532912771,11659.063835890402
2019-09-03,0.0,100.0,SELL,10567.796240281625,11578.626550280269
2019-09-04,0.0,100.0,SELL,10568.595115354552,11704.162898451406
2019-09-05,0.0,100.0,SELL,10569.400341649056,11856.431994836708
2019-09-06,0.0,100.0,SELL,10570.201435087649,11867.228678541685
2019-09-09,0.0,100.0,SELL,10571.001750339161,11866.113154026041
2019-09-10,39.73,60.27,SELL,10572.839110776013,11869.937809508247
2019-09-11,100.0,0.0,BUY,10649.27722543912,11955.75351689023
2019-09-12,74.13,25.87,BUY,10672.213758047139,11990.17541623008
2019-09-13,20.83,79.17,SELL,10671.240238782104,11981.490261072571
2019-09-16,0.0,100.0,SELL,10672.063872205295,11943.920988992159
2019-09-17,0.0,100.0,SELL,10672.884604736419,11974.757273817439
2019-09-18,0.0,100.0,SELL,10673.680835810106,11978.860810428554
2019-09-19,0.0,100.0,SELL,10674.478396961447,11979.099851396193
2019-09-20,0.0,100.0,SELL,10675.262039224717,11920.455134002379
2019-09-23,0.0,100.0,SELL,10676.043620909732,11919.299769325464
2019-09-24,0.0,100.0,SELL,10676.840087656055,11818.982243240116
2019-09-25,0.0,100.0,SELL,10677.62178487676,11891.770217885838
2019-09-26,0.0,100.0,SELL,10678.3717606926,11862.886100962933
2019-09-27,0.0,100.0,SELL,10679.104839388869,11799.819125667816
2019-09-30,0.0,100.0,SELL,10679.854919371634,11859.38016677091
2019-10-01,0.0,100.0,SELL,10680.597847374556,11714.003418285833
2019-10-02,0.0,100.0,SELL,10681.333198059683,11504.284809344905
2019-10-03,0.0,100.0,SELL,10682.038929003125,11595.996860595287
2019-10-04,0.0,100.0,SELL,10682.740467670883,11760.855447942851
2019-10-07,0.0,100.0,SELL,10683.449682940822,11708.18675473998
2019-10-08,0.0,100.0,SELL,10684.151314259285,11525.997697238674
2019-10-09,0.0,100.0,SELL,10684.841544352128,11630.936682031686
2019-10-10,0.0,100.0,SELL,10685.533939044268,11705.557304095964
2019-10-11,0.0,100.0,SELL,10686.222138313437,11833.603582427299
2019-10-14,0.0,100.0,SELL,10686.908261623747,11817.189435982833
2019-10-15,0.0,100.0,SELL,10687.59442898753,11934.83743222192
2019-10-16,64.28,35.72,BUY,10674.102491018291,11910.97317561941
2019-10-17,60.13,39.87,BUY,10692.109966957043,11943.881148830886
2019-10-18,57.24,42.76,BUY,10668.416042343906,11897.068959335142
2019-10-21,54.36,45.64,BUY,10708.578770679262,11978.820970267283
2019-10-22,52.73,47.27,BUY,10688.751739335263,11936.072477221383
2019-10-23,49.84,50.16,SELL,10704.264070666886,11970.05613478723
2019-10-24,61.17,38.83,BUY,10717.107145713717,11993.043907841735
2019-10-25,73.3,26.7,BUY,10749.283933790244,12041.887945562401
2019-10-28,88.78,11.22,BUY,10802.62644545191,12109.098297629906
2019-10-29,100.0,0.0,BUY,10793.63438614224,12099.018736827842
2019-10-30,100.0,0.0,BUY,10828.749621707271,12138.38081616554
2019-10-31,100.0,0.0,BUY,10796.015682481166,12101.688027633132
2019-11-01,100.0,0.0,BUY,10900.330678820603,12218.618900969308
2019-11-04,85.76,14.24,BUY,10935.047725027813,12263.877324175404
2019-11-05,68.55,31.45,BUY,10926.3661128491,12249.33566531077
2019-11-06,54.38,45.62,BUY,10930.840354207125,12257.941140145733
2019-11-07,24.74,75.26,SELL,10938.718045288839,12291.406875615028
2019-11-08,6.8,93.2,SELL,10941.23320133687,12322.880603020678
2019-11-11,0.0,100.0,SELL,10941.890109504871,12298.697625127985
2019-11-12,0.0,100.0,SELL,10942.5557411532,12317.940423022828
2019-11-13,0.0,100.0,SELL,10943.222281750926,12326.705258502881
2019-11-14,0.0,100.0,SELL,10943.88582316547,12337.02386027258
2019-11-15,0.0,100.0,SELL,10944.549404813795,12431.962964586075
2019-11-18,0.0,100.0,SELL,10945.21085516076,12438.217869905933
2019-11-19,0.0,100.0,SELL,10945.873214151003,12430.847440070433
2019-11-20,0.0,100.0,SELL,10946.533441424239,12384.15477105851
2019-11-21,8.63,91.37,SELL,10945.645657846542,12364.553411712206
2019-11-22,29.71,70.29,SELL,10953.190097387978,12391.445520571462
2019-11-25,61.35,38.65,BUY,11003.894860249906,12484.472297143853
2019-11-26,91.46,8.54,BUY,11026.048220676183,12511.882328099658
2019-11-27,100.0,0.0,BUY,11072.076105285441,12564.112779528527
2019-11-29,64.39,35.61,BUY,11043.718436350811,12513.714975518214
2019-12-02,9.46,90.54,SELL,11035.315074181175,12405.708298307185
2019-12-03,0.0,100.0,SELL,11035.988578728162,12323.35868495595
2019-12-04,0.0,100.0,SELL,11036.644606938118,12401.286040405888
2019-12-05,0.0,100.0,SELL,11037.298484334871,12419.891395720364
2019-12-06,0.0,100.0,SELL,11037.94670662681,12533.356175025792
2019-12-09,0.0,100.0,SELL,11038.602851236592,12493.715214559184
2019-12-10,0.0,100.0,SELL,11039.266481527053,12480.010199081282
2019-12-11,0.0,100.0,SELL,11039.932342044987,12516.30458600096
2019-12-12,6.9,93.1,SELL,11047.088064626723,12623.633980470351
2019-12-13,63.21,36.79,BUY,11047.84057032148,12624.55030417963
2019-12-16,100.0,0.0,BUY,11126.808504213734,12714.78826946291
2019-12-17,100.0,0.0,BUY,11130.538998221007,12719.051166719119
2019-12-18,100.0,0.0,BUY,11125.727706884525,12713.553224463449
2019-12-19,100.0,0.0,BUY,11175.339790738246,12770.245773954888
2019-12-20,100.0,0.0,BUY,11230.599912247837,12833.392429572548
2019-12-23,100.0,0.0,BUY,11240.327088210726,12844.50783456771
2019-12-24,100.0,0.0,BUY,11238.130629122332,12841.997904407512
2019-12-26,100.0,0.0,BUY,11295.761531870188,12907.853690991735
2019-12-27,100.0,0.0,BUY,11296.145040599908,12908.291932765738
2019-12-30,100.0,0.0,BUY,11230.843963257657,12833.67131070146
2019-12-31,100.0,0.0,BUY,11263.930307303464,12871.479623749512
2020-01-02,100.0,0.0,BUY,11358.308319244452,12979.32694031545
2020-01-03,100.0,0.0,BUY,11278.120130303088,12887.694569387613
2020-01-06,100.0,0.0,BUY,11317.97017376395,12933.231873722623
2020-01-07,100.0,0.0,BUY,11286.243542487147,12896.977326964216
2020-01-08,100.0,0.0,BUY,11341.57339285669,12960.203662904425
2020-01-09,100.0,0.0,BUY,11417.054883751494,13046.45761206041
2020-01-10,100.0,0.0,BUY,11384.456641725332,13009.207061270181
2020-01-13,100.0,0.0,BUY,11463.877813207257,13099.962948650013
2020-01-14,100.0,0.0,BUY,11446.515327079953,13080.122548336072
2020-01-15,100.0,0.0,BUY,11467.9220870843,13104.584407357679
2020-01-16,100.0,0.0,BUY,11563.86899837414,13214.2245311809
2020-01-17,100.0,0.0,BUY,11608.530333171482,13265.259777771578
2020-01-21,100.0,0.0,BUY,11577.745041503993,13230.080915367544
2020-01-22,100.0,0.0,BUY,11581.092026781545,13233.905570849749
2020-01-23,100.0,0.0,BUY,11594.305645741884,13249.004991972206
2020-01-24,100.0,0.0,BUY,11489.468304808544,13129.205627024376
2020-01-27,100.0,0.0,BUY,11308.731099820705,12922.674230985285
2020-01-28,100.0,0.0,BUY,11422.424005967569,13052.592996896448
2020-01-29,100.0,0.0,BUY,11412.52250785481,13041.278391094926
2020-01-30,100.0,0.0,BUY,11448.293413008652,13082.154396560994
2020-01-31,100.0,0.0,BUY,11245.591617136875,12850.523698919931
2020-02-03,100.0,0.0,BUY,11327.17438327722,12943.749676298688
2020-02-04,100.0,0.0,BUY,11496.85956396314,13137.651741214246
2020-02-05,100.0,0.0,BUY,11626.206599168556,13285.458739536974
2020-02-06,100.0,0.0,BUY,11664.871252010284,13329.641478388701
2020-02-07,100.0,0.0,BUY,11601.87122704635,13257.650306968439
2020-02-10,100.0,0.0,BUY,11686.870707324195,13354.780620151945
2020-02-11,100.0,0.0,BUY,11706.603974689764,13377.330151432447
2020-02-12,100.0,0.0,BUY,11782.259787734441,13463.783301394798
2020-02-13,100.0,0.0,BUY,11763.049486818489,13441.831372533392
2020-02-14,100.0,0.0,BUY,11784.73516226263,13466.61195284518
2020-02-18,100.0,0.0,BUY,11750.323969877792,13427.289713668755
2020-02-19,100.0,0.0,BUY,11805.618955817361,13490.476209447692
2020-02-20,100.0,0.0,BUY,11760.5741122903,13439.00272108301
2020-02-21,35.67,64.33,SELL,11716.911684004283,13297.649828886502
2020-02-24,0.0,100.0,SELL,11717.610514094007,12851.997784887028
2020-02-25,0.0,100.0,SELL,11718.30334106488,12462.83908957263
2020-02-26,0.0,100.0,SELL,11718.990628856076,12415.748018947976
2020-02-27,0.0,100.0,SELL,11719.63935869446,11867.427879348052
2020-02-28,0.0,100.0,SELL,11720.211388710777,11769.660123584175
2020-03-02,0.0,100.0,SELL,11720.739263311023,12311.526157057879
2020-03-03,0.0,100.0,SELL,11721.166233098471,11965.474516240836
2020-03-04,46.97,53.03,SELL,11953.693917806571,12470.448560375766
2020-03-05,61.78,38.22,BUY,11703.295181109836,12047.42572797934
2020-03-06,82.34,17.66,BUY,11538.984766219413,11841.970016294617
2020-03-09,87.87,12.13,BUY,10768.744202153488,10942.339334589618
2020-03-10,58.79,41.21,BUY,11081.514921015207,11482.85080258004
2020-03-11,36.86,63.14,SELL,10882.028206642717,10921.702131050219
2020-03-12,27.07,72.93,SELL,10601.917907585883,9882.909766018725
2020-03-13,0.0,100.0,SELL,10602.020140365705,10800.747401425475
2020-03-16,0.0,100.0,SELL,10602.097972656418,9506.380401827862
2020-03-17,0.0,100.0,SELL,10602.167391155048,10076.33374899901
2020-03-18,0.0,100.0,SELL,10602.168653317833,9554.069074871608
2020-03-19,0.0,100.0,SELL,10602.15687313044,9599.048616948794
2020-03-20,7.89,92.11,SELL,10565.880844449544,9182.838452130049
2020-03-23,44.6,55.4,SELL,10427.837248522701,8913.837683214937
2020-03-24,79.84,20.16,BUY,11208.984461182457,9750.202188818455
2020-03-25,100.0,0.0,BUY,11338.280318847414,9862.670964092056
2020-03-26,100.0,0.0,BUY,12045.949570275421,10478.241295920761
2020-03-27,93.25,6.75,BUY,11667.56097063403,10125.25746704222
2020-03-30,63.82,36.18,BUY,11917.117239021749,10464.615960765404
2020-03-31,45.77,54.23,SELL,11829.785316205896,10297.048242451281
2020-04-01,24.37,75.63,SELL,11702.571604040982,9842.511842487933
2020-04-02,35.31,64.69,SELL,11796.93695348451,10067.2103520675
2020-04-03,48.18,51.82,SELL,11710.923109128498,9914.821735198379
2020-04-06,59.14,40.86,BUY,12198.03866428871,10612.14407795922
2020-04-07,56.19,43.81,BUY,12187.077785312506,10595.132329095659
2020-04-08,55.56,44.44,BUY,12417.738639600946,10955.964669744973
2020-04-09,49.7,50.3,SELL,12507.194042560117,11114.687872256498
2020-04-13,51.99,48.01,BUY,12441.54074744341,11002.378457627987
2020-04-14,59.85,40.15,BUY,12669.206808879311,11338.748939255694
2020-04-15,70.41,29.59,BUY,12472.715049956778,11088.951128074155
2020-04-16,62.92,37.08,BUY,12518.386628741393,11153.452349175097
2020-04-17,55.86,44.14,BUY,12705.781996038333,11452.293398883665
2020-04-20,54.28,45.72,BUY,12582.471050249153,11247.514969940585
2020-04-21,39.85,60.15,SELL,12428.711070065458,10902.49917331664
2020-04-22,32.36,67.64,SELL,12520.975537838414,11152.496185304544
2020-04-23,43.57,56.43,SELL,12518.058994443405,11146.480320952327
2020-04-24,53.3,46.7,BUY,12610.941245698752,11301.617908949282
2020-04-27,65.98,34.02,BUY,12733.384659401054,11467.910742102671
2020-04-28,78.87,21.13,BUY,12680.746379573398,11407.791938741755
2020-04-29,88.85,11.15,BUY,12980.26800489124,11711.055246351625
2020-04-30,78.97,21.03,BUY,12885.839846440549,11603.168089624412
2020-05-01,68.3,31.7,BUY,12638.916014903467,11277.59429170168
2020-05-04,58.88,41.12,BUY,12670.563286836823,11325.522005713065
2020-05-05,44.62,55.38,SELL,12721.710110060605,11427.911220184606
2020-05-06,35.0,65.0,SELL,12690.668898629387,11348.151217316114
2020-05-07,43.84,56.16,SELL,12754.70177946196,11478.707425807645
2020-05-08,49.94,50.06,SELL,12862.18865019863,11672.370449755566
2020-05-11,53.93,46.07,BUY,12863.136694719316,11673.924216045212
2020-05-12,56.23,43.77,BUY,12714.874154974805,11434.604367278464
2020-05-13,64.02,35.98,BUY,12572.74817570742,11234.925478978324
2020-05-14,72.23,27.77,BUY,12677.418127639587,11364.406003115486
2020-05-15,78.75,21.25,BUY,12716.626616994186,11409.026983741214
2020-05-18,83.69,16.31,BUY,13051.903257091833,11768.425078584702
2020-05-19,85.48,14.52,BUY,12934.934095617089,11645.040099122305
2020-05-20,90.32,9.68,BUY,13129.47253179592,11838.942164037864
2020-05-21,100.0,0.0,BUY,13027.40973907262,11746.911391497299
2020-05-22,100.0,0.0,BUY,13058.072759916762,11774.56046342074
2020-05-26,100.0,0.0,BUY,13218.545514536256,11919.259929164178
2020-05-27,100.0,0.0,BUY,13414.541422986715,12095.990884571085
2020-05-28,100.0,0.0,BUY,13386.264285608831,12070.493181356384
2020-05-29,100.0,0.0,BUY,13450.683139197825,12128.58013649238
2020-06-01,100.0,0.0,BUY,13501.140156206488,12174.077600666114
2020-06-02,100.0,0.0,BUY,13611.995371333223,12274.036565300003
2020-06-03,100.0,0.0,BUY,13797.785000511352,12441.564443452853
2020-06-04,100.0,0.0,BUY,13751.304455946456,12399.652593793686
2020-06-05,100.0,0.0,BUY,14111.74959146017,12724.668629458596
2020-06-08,100.0,0.0,BUY,14281.677513890392,12877.893889714449
2020-06-09,100.0,0.0,BUY,14170.292102437821,12777.456843145284
2020-06-10,100.0,0.0,BUY,14095.004224169204,12709.56920833614
2020-06-11,100.0,0.0,BUY,13264.18658158525,11960.414815759159
2020-06-12,100.0,0.0,BUY,13437.428231051943,12116.628088110485
2020-06-15,100.0,0.0,BUY,13549.122923694586,12217.344015808561
2020-06-16,100.0,0.0,BUY,13806.047226588951,12449.014553610898
2020-06-17,99.61,0.39,BUY,13756.533068618872,12404.194372178803
2020-06-18,100.0,0.0,BUY,13764.707042576376,12411.564802014303
2020-06-19,100.0,0.0,BUY,13686.943830872566,12341.44611817387
2020-06-22,99.97,0.03,BUY,13775.81192208397,12421.60452265509
2020-06-23,98.21,1.79,BUY,13834.089226000384,12475.109859244692
2020-06-24,97.42,2.58,BUY,13485.628348888215,12152.563913578704
2020-06-25,100.0,0.0,BUY,13633.423687655933,12285.749572714252
2020-06-26,100.0,0.0,BUY,13303.127852796939,11988.103727843873
2020-06-29,100.0,0.0,BUY,13498.493572813253,12164.157400509137
2020-06-30,100.0,0.0,BUY,13706.503464797135,12351.605359298475
2020-07-01,100.0,0.0,BUY,13775.33904435482,12413.636490400495
2020-07-02,100.0,0.0,BUY,13837.896748320216,12470.010318601751
2020-07-06,100.0,0.0,BUY,14057.66660444176,12668.055760289697
2020-07-07,100.0,0.0,BUY,13905.58285769903,12531.005605510672
2020-07-08,100.0,0.0,BUY,14014.428841559671,12629.092082564732
2020-07-09,100.0,0.0,BUY,13935.336451175153,12557.818034047385
2020-07-10,100.0,0.0,BUY,14081.186532717093,12689.250726086922
2020-07-13,100.0,0.0,BUY,13949.351145279063,12570.447365170918
2020-07-14,100.0,0.0,BUY,14136.361101302828,12738.971247355592
2020-07-15,100.0,0.0,BUY,14264.748078204248,12854.667075692303
2020-07-16,100.0,0.0,BUY,14216.160857951265,12810.882738453307
2020-07-17,100.0,0.0,BUY,14256.657576560665,12847.376326179348
2020-07-20,100.0,0.0,BUY,14376.511947903555,12955.383003390378
2020-07-21,100.0,0.0,BUY,14400.650821659814,12977.135731445422
2020-07-22,100.0,0.0,BUY,14483.412674538415,13051.716513348425
2020-07-23,100.0,0.0,BUY,14304.979534464675,12890.921622450707
2020-07-24,100.0,0.0,BUY,14216.426120300232,12811.121779420944
2020-07-27,100.0,0.0,BUY,14321.558431275293,12905.861682928073
2020-07-28,100.0,0.0,BUY,14228.849240310321,12822.31686473865
2020-07-29,100.0,0.0,BUY,14405.69080629024,12981.67750983054
2020-07-30,100.0,0.0,BUY,14351.665707883374,12932.992832754968
2020-07-31,100.0,0.0,BUY,14461.749582705876,13032.194834324671
2020-08-03,100.0,0.0,BUY,14565.599792327583,13125.779373154885
2020-08-04,100.0,0.0,BUY,14618.210158206608,13173.189165069722
2020-08-05,100.0,0.0,BUY,14712.201450524935,13257.889347936061
2020-08-06,100.0,0.0,BUY,14806.767477932695,13343.107452898948
2020-08-07,100.0,0.0,BUY,14816.140080929632,13351.553567088818
2020-08-10,100.0,0.0,BUY,14856.769430713517,13388.16667529868
2020-08-11,100.0,0.0,BUY,14738.374002289962,13281.47472340966
2020-08-12,100.0,0.0,BUY,14944.659689005537,13467.36891590935
2020-08-13,100.0,0.0,BUY,14914.06609809101,13439.799524308453
2020-08-14,100.0,0.0,BUY,14911.501895384303,13437.488794954621
2020-08-17,100.0,0.0,BUY,14951.910193210715,13473.902702358118
2020-08-18,100.0,0.0,BUY,14986.350088185307,13504.938187989766
2020-08-19,100.0,0.0,BUY,14920.3439736833,13445.456827209218
2020-08-20,100.0,0.0,BUY,14967.47225101695,13487.926439126208
2020-08-21,100.0,0.0,BUY,15018.977357108603,13534.340227009221
2020-08-24,100.0,0.0,BUY,15169.823212889474,13670.274857272605
2020-08-25,100.0,0.0,BUY,15224.378835994277,13719.437616283452
2020-08-26,100.0,0.0,BUY,15379.601520533151,13859.316422512858
2020-08-27,100.0,0.0,BUY,15405.33196838323,13882.50339637373
2020-08-28,100.0,0.0,BUY,15509.049546830454,13975.968414720124
2020-08-31,100.0,0.0,BUY,15475.00754537932,13945.291490539934
2020-09-01,100.0,0.0,BUY,15591.457716577099,14050.230475332946
2020-09-02,100.0,0.0,BUY,15831.033828088393,14266.124309271185
2020-09-03,100.0,0.0,BUY,15274.955523864535,13765.014760779733
2020-09-04,100.0,0.0,BUY,15150.724323763641,13653.06390760268
2020-09-08,100.0,0.0,BUY,14730.195079863393,13274.104293574164
2020-09-09,100.0,0.0,BUY,15026.935227577696,13541.511456038355
2020-09-10,100.0,0.0,BUY,14762.689717612202,13303.386812109797
2020-09-11,100.0,0.0,BUY,14770.559167298308,13310.478360816385
2020-09-14,100.0,0.0,BUY,14958.76280389244,13480.077927355433
2020-09-15,100.0,0.0,BUY,15036.838355272572,13550.435652163502
2020-09-16,100.0,0.0,BUY,14967.383830233959,13487.846758803662
2020-09-17,100.0,0.0,BUY,14841.472635256257,13374.381979498237
2020-09-18,100.0,0.0,BUY,14675.5068255841,13224.822014079495
2020-09-21,100.0,0.0,BUY,14505.694711851882,13071.795954630006
2020-09-22,100.0,0.0,BUY,14658.264772901057,13209.284351183034
2020-09-23,100.0,0.0,BUY,14310.550043793039,12895.941482771103
2020-09-24,100.0,0.0,BUY,14353.301492368684,12934.466918722068
2020-09-25,100.0,0.0,BUY,14582.620793053144,13141.117835244977
2020-09-28,100.0,0.0,BUY,14817.554813457467,13352.828452249554
2020-09-29,100.0,0.0,BUY,14746.243451976065,13288.566272116248
2020-09-30,100.0,0.0,BUY,14867.954659761746,13398.246236100744
2020-10-01,100.0,0.0,BUY,14946.649156622812,13469.161723166637
2020-10-02,100.0,0.0,BUY,14803.495908962068,13340.15928096475
2020-10-05,100.0,0.0,BUY,15069.554044978859,13579.9173715055
2020-10-06,100.0,0.0,BUY,14858.979950288269,13390.15868336233
2020-10-07,100.0,0.0,BUY,15117.478109359417,13623.104106325402
2020-10-08,100.0,0.0,BUY,15238.570371664167,13732.226308052073
2020-10-09,100.0,0.0,BUY,15372.572068285452,13852.981836870455
2020-10-12,100.0,0.0,BUY,15624.924982938797,14080.389477416582
2020-10-13,100.0,0.0,BUY,15526.380020296487,13991.585757939125
2020-10-14,100.0,0.0,BUY,15423.546649679163,13898.91754281819
2020-10-15,100.0,0.0,BUY,15399.98251101234,13877.682736859695
2020-10-16,100.0,0.0,BUY,15402.060399412601,13879.555224439522
2020-10-19,100.0,0.0,BUY,15150.547482197662,13652.904546957581
2020-10-20,100.0,0.0,BUY,15222.168316419527,13717.445608219796
2020-10-21,100.0,0.0,BUY,15188.745260449323,13687.32644629743
2020-10-22,100.0,0.0,BUY,15268.014492399821,13758.759855459868
2020-10-23,100.0,0.0,BUY,15320.624858278848,13806.169647374707
2020-10-26,100.0,0.0,BUY,15035.821516268188,13549.519328454217
2020-10-27,100.0,0.0,BUY,14990.329023419854,13508.523802504327
2020-10-28,100.0,0.0,BUY,14461.35168918242,13031.83627287321
2020-10-29,100.0,0.0,BUY,14634.125899144801,13187.531623127987
2020-10-30,100.0,0.0,BUY,14456.621177292456,13027.573375617001
2020-11-02,100.0,0.0,BUY,14634.700634234236,13188.049545224536
2020-11-03,100.0,0.0,BUY,14895.188260922658,13422.787775444893
2020-11-04,100.0,0.0,BUY,15223.58304894737,13718.720493380537
2020-11-05,100.0,0.0,BUY,15519.83688235523,13985.689414070726
2020-11-06,100.0,0.0,BUY,15515.371632814238,13981.665557782157
2020-11-09,100.0,0.0,BUY,15696.899500292624,14145.249259968981
2020-11-10,100.0,0.0,BUY,15674.92693571962,14125.448699816316
2020-11-11,100.0,0.0,BUY,15794.8697278455,14233.53505734989
2020-11-12,100.0,0.0,BUY,15637.259682165899,14091.504882411744
2020-11-13,100.0,0.0,BUY,15850.088506822733,14283.295418779835
2020-11-16,100.0,0.0,BUY,16034.711101705769,14449.66793225577
2020-11-17,100.0,0.0,BUY,15957.873441287495,14380.425731963343
2020-11-18,100.0,0.0,BUY,15773.339267187446,14214.132898809954
2020-11-19,100.0,0.0,BUY,15835.587498412378,14270.2278458823
2020-11-20,100.0,0.0,BUY,15728.023615905093,14173.296733505158
2020-11-23,100.0,0.0,BUY,15816.66545085253,14253.17625685747
2020-11-24,100.0,0.0,BUY,16072.289934476503,14483.532069337798
2020-11-25,100.0,0.0,BUY,16046.824748975396,14460.584136444568
2020-11-27,100.0,0.0,BUY,16085.287789576027,14495.245076752053
2020-11-30,100.0,0.0,BUY,16011.368014996422,14428.632327103644
2020-12-01,100.0,0.0,BUY,16191.834833078929,14591.259865419917
2020-12-02,100.0,0.0,BUY,16220.836849899637,14617.395011214989
2020-12-03,100.0,0.0,BUY,16210.712670247285,14608.271614283476
2020-12-04,100.0,0.0,BUY,16353.954338691019,14737.353736807907
2020-12-07,100.0,0.0,BUY,16322.299698380615,14708.82818133646
2020-12-08,100.0,0.0,BUY,16367.792191228951,14749.823707286349
2020-12-09,100.0,0.0,BUY,16237.681009059226,14632.57411265999
2020-12-10,100.0,0.0,BUY,16216.813704273594,14613.769556539144
2020-12-11,100.0,0.0,BUY,16196.300082619924,14595.283721708485
2020-12-14,100.0,0.0,BUY,16125.69608740244,14531.658984155547
2020-12-15,100.0,0.0,BUY,16334.05966251828,14719.425664235068
2020-12-16,100.0,0.0,BUY,16363.017468947493,14745.520969868867
2020-12-17,100.0,0.0,BUY,16457.229813223294,14830.42035354157
2020-12-18,100.0,0.0,BUY,16399.446831539353,14778.349262757794
2020-12-21,100.0,0.0,BUY,16335.385974263127,14720.620869073256
2020-12-22,100.0,0.0,BUY,16301.520814377973,14690.10330553816
2020-12-23,100.0,0.0,BUY,16313.678672039094,14701.059349888228
2020-12-24,100.0,0.0,BUY,16371.373232940043,14753.050760349457
2020-12-28,100.0,0.0,BUY,16514.17279746883,14881.73448126116
2020-12-29,100.0,0.0,BUY,16477.389751745006,14848.587467082047
2020-12-30,100.0,0.0,BUY,16499.494947492498,14868.507547718535
2020-12-31,100.0,0.0,BUY,16605.732518254936,14964.243455257489
2021-01-04,100.0,0.0,BUY,16360.718528589758,14743.449281482674
2021-01-05,100.0,0.0,BUY,16476.5939646981,14847.870344179133
2021-01-06,100.0,0.0,BUY,16570.673677799416,14932.65020736802
2021-01-07,100.0,0.0,BUY,16816.704506468977,15154.360704852113
2021-01-08,100.0,0.0,BUY,16909.06001430199,15237.586801751353
2021-01-11,100.0,0.0,BUY,16798.224562824078,15137.70751744001
2021-01-12,100.0,0.0,BUY,16805.209804680286,15144.00226292114
2021-01-13,100.0,0.0,BUY,16843.451793323446,15178.46400242226
2021-01-14,100.0,0.0,BUY,16780.23093348562,15121.49257180191
2021-01-15,100.0,0.0,BUY,16659.580775095823,15012.768771687966
2021-01-19,100.0,0.0,BUY,16795.12983541943,15134.9187061509
2021-01-20,100.0,0.0,BUY,17029.179647993857,15345.83251993002
2021-01-21,100.0,0.0,BUY,17034.573315756246,15350.693019605324
2021-01-22,100.0,0.0,BUY,16983.289261622067,15304.478432528673
2021-01-25,100.0,0.0,BUY,17044.697495408593,15359.816416536833
2021-01-26,100.0,0.0,BUY,17019.320730690473,15336.948163966146
2021-01-27,100.0,0.0,BUY,16582.301010762596,14943.128169782809
2021-01-28,100.0,0.0,BUY,16744.155254025718,15088.983000203165
2021-01-29,100.0,0.0,BUY,16420.800450631432,14797.59206065264
2021-02-01,100.0,0.0,BUY,16684.382804724504,15035.119102162105
2021-02-02,100.0,0.0,BUY,16916.26630811567,15244.080748038847
2021-02-03,100.0,0.0,BUY,16933.331519232735,15259.459050290216
2021-02-04,100.0,0.0,BUY,17117.114116677367,15425.074600701962
2021-02-05,100.0,0.0,BUY,17183.82759744329,15485.193404062877
2021-02-08,100.0,0.0,BUY,17310.976683382854,15599.773707883947
2021-02-09,100.0,0.0,BUY,17291.70095269104,15582.40339756893
2021-02-10,100.0,0.0,BUY,17285.73254983922,15577.024975797081
2021-02-11,100.0,0.0,BUY,17314.469304310955,15602.921080624514
2021-02-12,100.0,0.0,BUY,17396.03747661919,15676.426178173146
2021-02-16,100.0,0.0,BUY,17386.134348924315,15667.501982048001
2021-02-17,100.0,0.0,BUY,17380.563839595947,15662.482121727606
2021-02-18,100.0,0.0,BUY,17303.81459996066,15593.319601757725
2021-02-19,100.0,0.0,BUY,17271.717855735307,15564.395644673548
2021-02-22,100.0,0.0,BUY,17138.158263028974,15444.038517467898
2021-02-23,100.0,0.0,BUY,17159.688723687028,15463.440676007833
2021-02-24,100.0,0.0,BUY,17354.479708613908,15638.97642657655
2021-02-25,100.0,0.0,BUY,16929.662056738645,15256.152316904556
2021-02-26,100.0,0.0,BUY,16849.243354609276,15183.683063549017
2021-03-01,100.0,0.0,BUY,17250.09897429426,15544.91380581106
2021-03-02,100.0,0.0,BUY,17110.703609910586,15419.297777317375
2021-03-03,100.0,0.0,BUY,16887.13166012047,15217.826081759951
2021-03-04,100.0,0.0,BUY,16660.553403708698,15013.645255235966
2021-03-05,100.0,0.0,BUY,16985.367150022317,15306.350920108498
2021-03-08,100.0,0.0,BUY,16894.337953934155,15224.320028047447
2021-03-09,100.0,0.0,BUY,17133.471961530504,15439.815460372958
2021-03-10,100.0,0.0,BUY,17236.791646454272,15532.921917267897
2021-03-11,100.0,0.0,BUY,17415.97636318343,15694.394090907255
2021-03-12,100.0,0.0,BUY,17433.66051978142,15710.330155416443
2021-03-15,100.0,0.0,BUY,17546.83912200857,15812.320968275253
2021-03-16,100.0,0.0,BUY,17519.296048107197,15787.50054780219
2021-03-17,100.0,0.0,BUY,17569.740104802968,15832.95817181465
2021-03-18,100.0,0.0,BUY,17310.401948293416,15599.255785787393
2021-03-19,100.0,0.0,BUY,17299.968295900602,15589.85350772697
2021-03-22,100.0,0.0,BUY,17421.502662120303,15699.374111066372
2021-03-23,100.0,0.0,BUY,17288.5620148949,15579.574746118544
2021-03-24,100.0,0.0,BUY,17194.04019787863,15494.396481316928
2021-03-25,100.0,0.0,BUY,17284.1409757454,15575.590729991245
2021-03-26,100.0,0.0,BUY,17571.59694124576,15834.631458588115
2021-03-29,100.0,0.0,BUY,17556.344356179994,15820.886602948942
2021-03-30,100.0,0.0,BUY,17500.90452524529,15770.927040712635
2021-03-31,100.0,0.0,BUY,17564.302226649088,15828.057831978076
2021-04-01,100.0,0.0,BUY,17772.002645892506,16015.226909638504
2021-04-05,100.0,0.0,BUY,18028.59975812937,16246.459205666839
2021-04-06,100.0,0.0,BUY,18011.048232705863,16230.64266164147
2021-04-07,100.0,0.0,BUY,18037.618677994345,16254.586598566528
2021-04-08,100.0,0.0,BUY,18113.748972148704,16323.191356278589
2021-04-09,100.0,0.0,BUY,18253.586440447325,16449.205786385002
2021-04-12,100.0,0.0,BUY,18250.00539873623,16445.978733321892
2021-04-13,100.0,0.0,BUY,18310.131531169405,16500.161352653136
2021-04-14,100.0,0.0,BUY,18235.2833383684,16432.71195961799
2021-04-15,100.0,0.0,BUY,18437.59008984943,16615.020537603115
2021-04-16,100.0,0.0,BUY,18504.126729049374,16674.979980318938
2021-04-19,100.0,0.0,BUY,18405.935449539025,16586.494982131666
2021-04-20,100.0,0.0,BUY,18280.731620825238,16473.667645406604
2021-04-21,100.0,0.0,BUY,18450.853207297925,16626.972585985004
2021-04-22,100.0,0.0,BUY,18280.90846239122,16473.827006051695
2021-04-23,100.0,0.0,BUY,18480.695221557038,16653.864694844262
2021-04-26,100.0,0.0,BUY,18513.6319632208,16683.54561499263
2021-04-27,100.0,0.0,BUY,18509.653027986253,16679.960000478062
2021-04-28,100.0,0.0,BUY,18494.00254939703,16665.85658338743
2021-04-29,100.0,0.0,BUY,18619.073746936327,16778.564399628667
2021-04-30,100.0,0.0,BUY,18485.116260706538,16657.84871097156
2021-05-03,100.0,0.0,BUY,18535.91400053427,16703.625056274206
2021-05-04,100.0,0.0,BUY,18412.12490434833,16592.072604709883
2021-05-05,100.0,0.0,BUY,18425.078549056358,16603.745771962862
2021-05-06,100.0,0.0,BUY,18575.526511313772,16739.321840774785
2021-05-07,100.0,0.0,BUY,18712.49030416522,16862.746660398458
2021-05-10,100.0,0.0,BUY,18517.213004931895,16686.772668055735
2021-05-11,100.0,0.0,BUY,18356.596652630633,16542.033362151025
2021-05-12,100.0,0.0,BUY,17962.85890597634,16187.216885853928
2021-05-13,100.0,0.0,BUY,18181.52350231051,16384.26632351005
2021-05-14,100.0,0.0,BUY,18452.754254132215,16628.68571291974
2021-05-17,100.0,0.0,BUY,18406.068080713514,16586.61450261548
2021-05-18,100.0,0.0,BUY,18249.298032472314,16445.34129074152
2021-05-19,100.0,0.0,BUY,18195.582406805916,16396.93549479486
2021-05-20,100.0,0.0,BUY,18387.632347460105,16570.00115536465
2021-05-21,100.0,0.0,BUY,18373.21975983274,16557.01326278966
2021-05-24,100.0,0.0,BUY,18555.322362400566,16721.114887073036
2021-05-25,100.0,0.0,BUY,18515.886693187043,16685.57746321754
2021-05-26,100.0,0.0,BUY,18550.636060902096,16716.891829978096
2021-05-27,100.0,0.0,BUY,18572.25494234314,16736.37366884058
2021-05-28,100.0,0.0,BUY,18586.534898796017,16749.24204093175
2021-06-01,100.0,0.0,BUY,18577.383347756557,16740.995127548245
2021-06-02,100.0,0.0,BUY,18604.263265785507,16765.217945602213
2021-06-03,100.0,0.0,BUY,18536.753997972675,16704.382019338387
2021-06-04,100.0,0.0,BUY,18700.509288070083,16851.94997669348
2021-06-07,100.0,0.0,BUY,18685.610386136275,16838.523842344486
2021-06-08,100.0,0.0,BUY,18688.881955106903,16841.472014278683
2021-06-09,100.0,0.0,BUY,18654.795743264272,16810.75524993722
2021-06-10,100.0,0.0,BUY,18741.580741768918,16888.961486516066
2021-06-11,100.0,0.0,BUY,18778.09852514377,16921.86945972754
2021-06-14,100.0,0.0,BUY,18812.1847369864,16952.586224069
2021-06-15,100.0,0.0,BUY,18774.3406418667,16918.483046019337
2021-06-16,100.0,0.0,BUY,18673.14305573469,16827.288916865502
2021-06-17,100.0,0.0,BUY,18665.008343699614,16819.958327191274
2021-06-18,100.0,0.0,BUY,18420.03856442593,16599.203993577732
2021-06-21,100.0,0.0,BUY,18677.961988407646,16831.631494444257
2021-06-22,100.0,0.0,BUY,18773.677485994274,16917.88544360024
2021-06-23,100.0,0.0,BUY,18753.340705906587,16899.558969414673
2021-06-24,100.0,0.0,BUY,18862.31932094171,16997.76496695255
2021-06-25,100.0,0.0,BUY,18925.14228725608,17054.377836121443
2021-06-28,100.0,0.0,BUY,18968.954785227605,17093.85943594296
2021-06-29,100.0,0.0,BUY,18974.21582181551,17098.600415134442
2021-06-30,100.0,0.0,BUY,18999.41574496765,17121.309307060037
2021-07-01,100.0,0.0,BUY,19098.623863482382,17210.710628956585
2021-07-02,100.0,0.0,BUY,19241.86553192612,17339.792751481018
2021-07-06,100.0,0.0,BUY,19202.960387410538,17304.733409560802
2021-07-07,100.0,0.0,BUY,19267.463348601716,17362.860204858072
2021-07-08,100.0,0.0,BUY,19102.51437793394,17214.21656314861
2021-07-09,100.0,0.0,BUY,19317.951615688984,17408.357669031808
2021-07-12,100.0,0.0,BUY,19384.620886063414,17468.43663223145
2021-07-13,100.0,0.0,BUY,19316.448462378154,17407.003103548523
2021-07-14,100.0,0.0,BUY,19338.9515516491,17427.28174563647
2021-07-15,100.0,0.0,BUY,19275.863322985762,17370.429835499934
2021-07-16,100.0,0.0,BUY,19130.543766141764,17239.475225395672
2021-07-19,100.0,0.0,BUY,18826.951007745738,16965.89283793417
2021-07-20,100.0,0.0,BUY,19112.417505628826,17223.140759273756
2021-07-21,100.0,0.0,BUY,19269.939130525436,17365.091253889354
2021-07-22,100.0,0.0,BUY,19308.800064649524,17400.110755648297
2021-07-23,100.0,0.0,BUY,19504.696309363782,17576.642510248843
2021-07-26,100.0,0.0,BUY,19551.161430825006,17618.51451974674
2021-07-27,100.0,0.0,BUY,19459.026974949466,17535.487623653862
2021-07-28,100.0,0.0,BUY,19455.40172284688,17532.22073042948
2021-07-29,100.0,0.0,BUY,19537.235157504085,17605.96486894575
2021-07-30,100.0,0.0,BUY,19431.616532222582,17510.78672366462
2021-08-02,100.0,0.0,BUY,19395.80611511165,17478.516193033513
2021-08-03,100.0,0.0,BUY,19554.91931410208,17621.90093345494
2021-08-04,100.0,0.0,BUY,19464.332221928868,17540.268443006622
2021-08-05,100.0,0.0,BUY,19581.224497041596,17645.60582941236
2021-08-06,100.0,0.0,BUY,19614.02860753087,17675.167229076906
2021-08-09,100.0,0.0,BUY,19595.592874277463,17658.553881826076
2021-08-10,100.0,0.0,BUY,19615.045446535252,17676.083552786182
2021-08-11,100.0,0.0,BUY,19640.068528121414,17698.633084066685
2021-08-12,100.0,0.0,BUY,19721.50406925517,17772.018661131504
2021-08-13,100.0,0.0,BUY,19753.202919957068,17800.584056764223
2021-08-16,100.0,0.0,BUY,19804.973288397687,17847.23688561487
2021-08-17,100.0,0.0,BUY,19665.135820099065,17721.222455508458
2021-08-18,100.0,0.0,BUY,19453.76593836157,17530.746644462375
2021-08-19,100.0,0.0,BUY,19478.214284858288,17552.778253646327
2021-08-20,100.0,0.0,BUY,19636.79695915078,17695.68491213248
2021-08-23,100.0,0.0,BUY,19804.177501350772,17846.519762711956
2021-08-24,100.0,0.0,BUY,19833.79846365241,17873.21267076485
2021-08-25,100.0,0.0,BUY,19877.832013581406,17912.89347139273
2021-08-26,100.0,0.0,BUY,19762.044998256057,17808.552089018816
2021-08-27,100.0,0.0,BUY,19936.101309571794,17965.40280395051
2021-08-30,100.0,0.0,BUY,20021.957889855046,18042.772397142624
2021-08-31,100.0,0.0,BUY,19994.945340651615,18018.430058604838
2021-09-01,100.0,0.0,BUY,20001.17900585241,18024.047521344328
2021-09-02,100.0,0.0,BUY,20058.03356931495,18075.28196874137
2021-09-03,100.0,0.0,BUY,20051.313589807716,18069.226264227877
2021-09-07,100.0,0.0,BUY,19983.229586905447,18007.872415867496
2021-09-08,100.0,0.0,BUY,19956.880193574438,17984.127679748806
2021-09-09,100.0,0.0,BUY,19864.966789656373,17901.299984462297
2021-09-10,100.0,0.0,BUY,19711.556731168796,17763.054624845085
2021-09-13,100.0,0.0,BUY,19756.4302785362,17803.492388537154
2021-09-14,100.0,0.0,BUY,19642.897993177095,17701.182854388164
2021-09-15,100.0,0.0,BUY,19809.350117155693,17851.181061580904
2021-09-16,100.0,0.0,BUY,19778.62389506668,17823.49214949619
2021-09-17,100.0,0.0,BUY,19598.42233933314,17661.10365214755
2021-09-20,100.0,0.0,BUY,19265.69493294192,17361.266598407157
2021-09-21,100.0,0.0,BUY,19250.044454352697,17347.163181316526
2021-09-22,100.0,0.0,BUY,19433.296527099395,17512.300649793004
2021-09-23,100.0,0.0,BUY,19669.114755333616,17724.80807002304
2021-09-24,100.0,0.0,BUY,19697.851509805354,17750.70417485047
2021-09-27,100.0,0.0,BUY,19643.163255526062,17701.421895355805
2021-09-28,100.0,0.0,BUY,19243.147633279485,17340.94811615795
2021-09-29,100.0,0.0,BUY,19273.343330670556,17368.15894630739
2021-09-30,100.0,0.0,BUY,19043.80297802862,17161.308828978115
2021-10-01,100.0,0.0,BUY,19262.64441592877,17358.51762727933
2021-10-04,100.0,0.0,BUY,19012.502020850174,17133.10199479685
2021-10-05,100.0,0.0,BUY,19212.598252756452,17313.418564718322
2021-10-06,100.0,0.0,BUY,19291.425380792,17384.45357226803
2021-10-07,100.0,0.0,BUY,19451.51120839532,17528.714796237466
2021-10-08,100.0,0.0,BUY,19414.28605875655,17495.169380445623
2021-10-11,100.0,0.0,BUY,19280.99172839918,17375.05129420761
2021-10-12,100.0,0.0,BUY,19234.393975763473,17333.059764225894
2021-10-13,100.0,0.0,BUY,19292.530640579374,17385.449576299856
2021-10-14,100.0,0.0,BUY,19621.721215650996,17682.09941713841
2021-10-15,100.0,0.0,BUY,19768.101821890872,17814.010191113222
2021-10-18,100.0,0.0,BUY,19834.815302656796,17874.12899447414
2021-10-19,100.0,0.0,BUY,19981.461171245643,18006.278809416588
2021-10-20,100.0,0.0,BUY,20054.673579561328,18072.25411648463
2021-10-21,100.0,0.0,BUY,20114.755501603006,18126.3968956546
2021-10-22,100.0,0.0,BUY,20093.180830553454,18106.95489695339
2021-10-25,100.0,0.0,BUY,20188.58685539962,18192.929964980463
2021-10-26,100.0,0.0,BUY,20225.32569073195,18226.037138998305
2021-10-27,100.0,0.0,BUY,20123.155475987052,18133.966526296466
2021-10-28,100.0,0.0,BUY,20320.952767535593,18312.211407831746
2021-10-29,100.0,0.0,BUY,20360.565278315094,18347.908192332332
2021-11-01,100.0,0.0,BUY,20397.215692864433,18380.935686027628
2021-11-02,100.0,0.0,BUY,20472.284937622906,18448.584279869134
2021-11-03,100.0,0.0,BUY,20604.562428975885,18567.786042397867
2021-11-04,100.0,0.0,BUY,20690.728481999606,18645.434516718895
2021-11-05,100.0,0.0,BUY,20767.96403594133,18715.035278462776
2021-11-08,100.0,0.0,BUY,20786.399769194737,18731.648625713602
2021-11-09,100.0,0.0,BUY,20713.673675185495,18666.111560419562
2021-11-10,100.0,0.0,BUY,20543.28682636384,18512.567578873524
2021-11-11,100.0,0.0,BUY,20554.60468658656,18522.76666015941
2021-11-12,100.0,0.0,BUY,20703.063181226706,18656.549921714053
2021-11-15,100.0,0.0,BUY,20702.84212926923,18656.35072090769
2021-11-16,100.0,0.0,BUY,20782.86293787514,18728.46141281177
2021-11-17,100.0,0.0,BUY,20728.79362907678,18679.736895574923
2021-11-18,100.0,0.0,BUY,20798.95552037931,18742.96323151513
2021-11-19,100.0,0.0,BUY,20769.865082775614,18716.748405397513
2021-11-22,100.0,0.0,BUY,20703.46107475015,18656.908483165505
2021-11-23,100.0,0.0,BUY,20737.768338550257,18687.824448313335
2021-11-24,100.0,0.0,BUY,20785.338719798856,18730.692461843053
2021-11-26,100.0,0.0,BUY,20312.994897066492,18305.040178802614
2021-11-29,100.0,0.0,BUY,20581.13092148355,18546.670756923195
2021-11-30,100.0,0.0,BUY,20190.885795757356,18195.00165336666
2021-12-01,100.0,0.0,BUY,19952.326523250445,17980.0241431377
2021-12-02,100.0,0.0,BUY,20235.53829116729,18235.240216252365
2021-12-03,100.0,0.0,BUY,20064.5767072562,18081.17831260978
2021-12-06,100.0,0.0,BUY,20299.952831575472,18293.287331227086
2021-12-07,100.0,0.0,BUY,20720.30523390974,18672.087584610512
2021-12-08,100.0,0.0,BUY,20784.233460011485,18729.69645781123
2021-12-09,100.0,0.0,BUY,20634.979178324433,18595.196073353676
2021-12-10,100.0,0.0,BUY,20832.02489321756,18772.763672147317
2021-12-13,100.0,0.0,BUY,20641.69915783167,18601.251777867168
2021-12-14,100.0,0.0,BUY,20487.493312297178,18462.28929534704
2021-12-15,100.0,0.0,BUY,20822.431238263147,18764.11835715108
2021-12-16,100.0,0.0,BUY,20640.37284608682,18600.056573028978
2021-12-17,100.0,0.0,BUY,20428.030335736432,18408.70427843489
2021-12-20,100.0,0.0,BUY,20195.395255689848,18199.06534981651
2021-12-21,100.0,0.0,BUY,20554.427845020575,18522.607299514315
2021-12-22,100.0,0.0,BUY,20763.675627966317,18711.170782819296
2021-12-23,100.0,0.0,BUY,20892.90260230614,18827.623574220193
2021-12-27,100.0,0.0,BUY,21182.038562683312,19088.178228945435
2021-12-28,100.0,0.0,BUY,21160.640733199743,19068.89559088932
2021-12-29,100.0,0.0,BUY,21190.305905892874,19095.62833910348
2021-12-30,100.0,0.0,BUY,21126.952414880565,19038.53738799931
2021-12-31,100.0,0.0,BUY,21071.46837355437,18988.53798560173
2022-01-03,100.0,0.0,BUY,21205.77954291612,19109.572395549025
2022-01-04,100.0,0.0,BUY,21192.428004684636,19097.540666844587
2022-01-05,100.0,0.0,BUY,20781.448205347304,18727.186527651033
2022-01-06,100.0,0.0,BUY,20761.42089800008,18709.138934594375
2022-01-07,100.0,0.0,BUY,20677.33273337663,18633.36294785318
2022-01-10,100.0,0.0,BUY,20647.534929509013,18606.5106791552
2022-01-11,100.0,0.0,BUY,20836.666984324536,18776.946889080977
2022-01-12,100.0,0.0,BUY,20895.378384229873,18829.85462325149
2022-01-13,100.0,0.0,BUY,20597.754028685664,18561.650657561833
2022-01-14,100.0,0.0,BUY,20614.64239823675,18576.869599168112
2022-01-18,100.0,0.0,BUY,20235.582501558787,18235.28005641364
2022-01-19,100.0,0.0,BUY,20039.509415278553,18058.588941168007
2022-01-20,100.0,0.0,BUY,19818.324826629167,17859.268614319324
2022-01-21,100.0,0.0,BUY,19443.464917143232,17521.463886885787
2022-01-24,100.0,0.0,BUY,19497.357384375617,17570.029043477545
2022-01-25,100.0,0.0,BUY,19260.036002830562,17356.167057764225
2022-01-26,98.43,1.57,BUY,19231.66583755279,17330.191272614247
2022-01-27,100.0,0.0,BUY,19128.12265090025,17236.885614912946
2022-01-28,100.0,0.0,BUY,19593.84593364913,17656.561873762443
2022-01-31,100.0,0.0,BUY,19963.895665622553,17990.024023617225
2022-02-01,100.0,0.0,BUY,20100.906910471494,18113.488683402167
2022-02-02,100.0,0.0,BUY,20290.308708771874,18284.163934295582
2022-02-03,100.0,0.0,BUY,19795.405877265235,17838.193169005925
2022-02-04,100.0,0.0,BUY,19897.490086479887,17930.18410138522
2022-02-07,100.0,0.0,BUY,19823.833831585296,17863.81039270445
2022-02-08,100.0,0.0,BUY,19990.37831669209,18013.888280219737
2022-02-09,100.0,0.0,BUY,20280.58219251928,18275.39909881553
2022-02-10,81.42,18.58,BUY,19981.512799506796,17944.327358637125
2022-02-11,83.28,16.72,BUY,19665.880342358796,17603.933020720848
2022-02-14,71.07,28.93,BUY,19612.284726997743,17536.32426704061
2022-02-15,54.23,45.77,BUY,19780.13212054824,17812.814986275043
2022-02-16,53.73,46.27,BUY,19789.632942448086,17828.512009816597
2022-02-17,57.92,42.08,BUY,19547.068945920248,17451.02648175518
2022-02-18,61.78,38.22,BUY,19460.624875436763,17325.968215519315
2022-02-22,55.06,44.94,BUY,19352.058180243836,17150.233264144234
2022-02-23,48.81,51.19,SELL,19178.273176691084,16834.46014589465
2022-02-24,67.18,32.82,BUY,19371.03817014837,17086.24996513984
2022-02-25,68.68,31.32,BUY,19668.736498006347,17468.516312554013
2022-02-28,75.52,24.48,BUY,19632.509060362943,17425.84749983066
2022-03-01,73.3,26.7,BUY,19409.898457060157,17156.209288335183
2022-03-02,74.25,25.75,BUY,19678.636063764832,17476.04610303461
2022-03-03,67.75,32.25,BUY,19608.65982917727,17384.214531300404
2022-03-04,71.01,28.99,BUY,19498.26122837509,17246.287892973374
2022-03-07,66.35,33.65,BUY,19116.446052175786,16737.21031222733
2022-03-08,48.23,51.77,SELL,19049.895867335228,16616.136062118763
2022-03-09,40.64,59.36,SELL,19249.039177513467,17043.142910642488
2022-03-10,47.19,52.81,SELL,19210.19514863881,16969.99637454531
2022-03-11,50.23,49.77,BUY,19085.26415169708,16750.03884415723
2022-03-14,50.68,49.32,BUY,19013.624246448308,16625.737540985552
2022-03-15,36.84,63.16,SELL,19163.781471776187,16981.669541798292
2022-03-16,43.71,56.29,SELL,19351.453122812694,17361.784520503723
2022-03-17,61.57,38.43,BUY,19498.66836099713,17576.16442831359
2022-03-18,56.03,43.97,BUY,19626.201256591623,17781.142058063037
2022-03-21,38.54,61.46,SELL,19623.130785687266,17773.413066776084
2022-03-22,22.77,77.23,SELL,19673.951181795615,17974.327000075682
2022-03-23,32.58,67.42,SELL,19595.52702778751,17753.73202710723
2022-03-24,33.15,66.85,SELL,19688.956588926863,18008.390337964076
2022-03-25,25.43,74.57,SELL,19714.625463855155,18099.624307279188
2022-03-28,29.65,70.35,SELL,19756.67259091681,18228.945470771258
2022-03-29,19.49,80.51,SELL,19804.227289639028,18452.36909519009
2022-03-30,28.1,71.9,SELL,19769.496003866603,18336.23502507937
2022-03-31,33.81,66.19,SELL,19665.136487032283,18049.226503268874
2022-04-01,30.01,69.99,SELL,19685.53379372067,18110.77955243562
2022-04-04,18.65,81.35,SELL,19715.583495549927,18257.311665597616
2022-04-05,0.0,100.0,SELL,19716.106114985447,18028.151057955474
2022-04-06,0.0,100.0,SELL,19716.62483634871,17852.973868838213
2022-04-07,0.0,100.0,SELL,19717.141224142044,17928.909216224503
2022-04-08,0.0,100.0,SELL,19717.663884869733,17881.379903825848
2022-04-11,0.0,100.0,SELL,19718.195948815835,17579.59068218308
2022-04-12,0.0,100.0,SELL,19718.77341026862,17519.51171898344
2022-04-13,0.0,100.0,SELL,19719.352453614792,17715.286271478828
2022-04-14,0.0,100.0,SELL,19719.937774076512,17500.149400604776
2022-04-18,0.0,100.0,SELL,19720.52858967252,17496.563786090206
2022-04-19,0.0,100.0,SELL,19721.180462700904,17777.516603387212
2022-04-20,0.0,100.0,SELL,19721.80261898931,17766.520718875872
2022-04-21,0.0,100.0,SELL,19722.428707961342,17504.412297860985
2022-04-22,0.0,100.0,SELL,19723.039164088015,17018.840412265992
2022-04-25,0.0,100.0,SELL,19723.663726994877,17115.81136480441
2022-04-26,0.0,100.0,SELL,19724.315703656965,16634.06413469162
2022-04-27,0.0,100.0,SELL,19724.948134096987,16668.964115966744
2022-04-28,0.0,100.0,SELL,19725.562581886086,17081.469145787105
2022-04-29,0.0,100.0,SELL,19726.19505230538,16461.675756863468
2022-05-02,0.0,100.0,SELL,19726.793883226608,16555.100935048587
2022-05-03,0.0,100.0,SELL,19727.494497533175,16635.17965920726
2022-05-04,0.0,100.0,SELL,19728.14660082351,17131.94663011996
2022-05-05,0.0,100.0,SELL,19728.775239780673,16521.19695780529
2022-05-06,0.0,100.0,SELL,19729.413293424343,16427.453058329986
2022-05-09,0.0,100.0,SELL,19730.039624005087,15901.164527914012
2022-05-10,0.0,100.0,SELL,19730.727043639603,15940.2477261228
2022-05-11,0.0,100.0,SELL,19731.41840205149,15677.820583817725
2022-05-12,0.0,100.0,SELL,19732.127010529817,15657.502101568509
2022-05-13,0.0,100.0,SELL,19732.865399250888,16031.242654470265
2022-05-16,0.0,100.0,SELL,19733.632788460858,15967.976478368786
2022-05-17,0.0,100.0,SELL,19734.445626192384,16290.044342099498
2022-05-18,0.0,100.0,SELL,19735.231088452823,15632.004398353805
2022-05-19,0.0,100.0,SELL,19736.01423254363,15540.810269199972
2022-05-20,0.0,100.0,SELL,19736.780177857894,15543.081158392532
2022-05-23,0.0,100.0,SELL,19737.55790098157,15831.48408584758
2022-05-24,0.0,100.0,SELL,19738.374816572472,15702.919885419698
2022-05-25,0.0,100.0,SELL,19739.193332512285,15851.324486161522
2022-05-26,0.0,100.0,SELL,19739.99856627204,16166.50000199201
2022-05-27,0.0,100.0,SELL,19740.80148288039,16566.495221172656
2022-05-31,0.0,100.0,SELL,19741.608348972746,16462.55224041147
2022-06-01,0.0,100.0,SELL,19742.47243603659,16339.366461755439
2022-06-02,0.0,100.0,SELL,19743.344395235847,16640.51824081784
2022-06-03,0.0,100.0,SELL,19744.23362919968,16368.489619645983
2022-06-06,0.0,100.0,SELL,19745.14249074769,16419.843587526848
2022-06-07,0.0,100.0,SELL,19746.102324063213,16576.216220523267
2022-06-08,0.0,100.0,SELL,19747.06847264121,16397.29405624635
2022-06-09,0.0,100.0,SELL,19748.03858656062,16007.059676577577
2022-06-10,0.0,100.0,SELL,19749.04793075504,15541.089150328886
2022-06-13,0.0,100.0,SELL,19750.22190193759,14938.586391397717
2022-06-14,0.0,100.0,SELL,19751.587958952474,14882.212563196459
2022-06-15,0.0,100.0,SELL,19752.916488380666,15099.381282295431
2022-06-16,0.0,100.0,SELL,19754.07893183909,14608.47081508986
2022-06-17,0.0,100.0,SELL,19755.262608790956,14640.62182523715
2022-06-21,0.0,100.0,SELL,19756.429110011664,14998.984075887538
2022-06-22,0.0,100.0,SELL,19757.640367272576,14979.46239686378
2022-06-23,0.0,100.0,SELL,19758.863459295313,15122.249534866118
2022-06-24,0.0,100.0,SELL,19760.116422144834,15584.435245793875
2022-06-27,0.0,100.0,SELL,19761.396909054252,15538.101138233409
2022-06-28,0.0,100.0,SELL,19762.759818095044,15225.116831272935
2022-06-29,0.0,100.0,SELL,19764.096941328768,15214.280307406685
2022-06-30,0.0,100.0,SELL,19765.35180462663,15081.014967948591
2022-07-01,0.0,100.0,SELL,19766.609100616424,15240.176412234116
2022-07-05,0.0,100.0,SELL,19767.887655093964,15264.319549965536
2022-07-06,0.0,100.0,SELL,19769.33102466878,15318.860730748234
2022-07-07,0.0,100.0,SELL,19770.7846980969,15548.10101871292
2022-07-08,0.0,100.0,SELL,19772.230632866685,15535.192806460476
2022-07-11,0.0,100.0,SELL,19773.762980740732,15356.111281538462
2022-07-12,0.0,100.0,SELL,19775.420995073207,15214.160786922861
2022-07-13,0.0,100.0,SELL,19777.243943603822,15146.352832436261
2022-07-14,0.0,100.0,SELL,19779.027819615083,15100.935048585072
2022-07-15,0.0,100.0,SELL,19780.78595542127,15390.891742329768
2022-07-18,0.0,100.0,SELL,19782.559946542668,15262.168181256793
2022-07-19,0.0,100.0,SELL,19784.483250981913,15683.83644816994
2022-07-20,0.0,100.0,SELL,19786.350215314087,15776.30546248451
2022-07-21,0.0,100.0,SELL,19788.203222715205,15931.88129225547
2022-07-22,0.0,100.0,SELL,19790.052477421137,15783.197810384736
2022-07-25,0.0,100.0,SELL,19791.931747086946,15803.954534407956
2022-07-26,0.0,100.0,SELL,19793.875597526392,15621.526435939015
2022-07-27,0.0,100.0,SELL,19795.747375524363,16030.127129954624
2022-07-28,0.0,100.0,SELL,19797.56041460939,16224.626797289275
2022-07-29,0.0,100.0,SELL,19799.365763571008,16455.141970414697
2022-08-01,0.0,100.0,SELL,19801.14534942238,16408.688342370413
2022-08-02,0.0,100.0,SELL,19803.080675652363,16299.366939837375
2022-08-03,0.0,100.0,SELL,19804.988686758734,16554.264291661853
2022-08-04,0.0,100.0,SELL,19806.857586087983,16541.39591957068
2022-08-05,0.0,100.0,SELL,19808.751813341256,16514.503810711423
2022-08-08,0.0,100.0,SELL,19810.685524827793,16494.065807978393
2022-08-09,0.0,100.0,SELL,19812.705900295998,16423.986964299234
2022-08-10,0.0,100.0,SELL,19814.698964163348,16773.664059792114
2022-08-11,0.0,100.0,SELL,19816.656845132424,16761.831531894044
2022-08-12,0.0,100.0,SELL,19818.622783311508,17052.186627251467
2022-08-15,0.0,100.0,SELL,19820.599140416845,17119.87506125425
2022-08-16,0.0,100.0,SELL,19822.642549804415,17151.986231240262
2022-08-17,0.0,100.0,SELL,19824.66257147378,17027.84428871368
2022-08-18,0.0,100.0,SELL,19826.68043891409,17066.489245148463
2022-08-19,0.0,100.0,SELL,19828.71031333998,16846.332513954014
2022-08-22,0.0,100.0,SELL,19830.793901630048,16485.818894594882
2022-08-23,0.0,100.0,SELL,19832.920990356877,16448.92690525611
2022-08-24,0.0,100.0,SELL,19835.056177446037,16496.89445942877
2022-08-25,0.0,100.0,SELL,19837.204975198594,16729.361800456565
2022-08-26,0.0,100.0,SELL,19839.373685504415,16165.78287908909
2022-08-29,0.0,100.0,SELL,19841.576485804893,16058.0152428457
2022-08-30,0.0,100.0,SELL,19843.8385829971,15880.925725987334
2022-08-31,0.0,100.0,SELL,19846.090701185487,15756.783783460753
2022-09-01,0.0,100.0,SELL,19848.34543760126,15803.994374569225
2022-09-02,0.0,100.0,SELL,19850.566561971656,15634.315127707636
2022-09-06,0.0,100.0,SELL,19852.807627918828,15570.291988541967
2022-09-07,0.0,100.0,SELL,19855.118274139964,15855.866264546637
2022-09-08,0.0,100.0,SELL,19857.44258362047,15960.68572885583
2022-09-09,0.0,100.0,SELL,19859.78134908032,16204.427835523878
2022-09-12,0.0,100.0,SELL,19862.14166833193,16375.939729804024
2022-09-13,0.0,100.0,SELL,19864.626800581143,15667.900383660752
2022-09-14,0.0,100.0,SELL,19867.092536796707,15720.967478476354
2022-09-15,0.0,100.0,SELL,19869.532562645967,15543.041318231257
2022-09-16,0.0,100.0,SELL,19871.953176335148,15431.409186344386
2022-09-19,0.0,100.0,SELL,19874.346484981586,15537.224654685402
2022-09-20,0.0,100.0,SELL,19876.904124094715,15362.087305729414
2022-09-21,0.0,100.0,SELL,19879.42028775169,15099.142241327794
2022-09-22,0.0,100.0,SELL,19881.88943796997,14971.89276622192
2022-09-23,0.0,100.0,SELL,19884.34153766732,14713.88788181815
2022-09-26,0.0,100.0,SELL,19886.83891627711,14561.738305916666
2022-09-27,0.0,100.0,SELL,19889.403687169088,14530.862180930111
2022-09-28,0.0,100.0,SELL,19891.953003594073,14816.71533806369
2022-09-29,0.0,100.0,SELL,19894.4931744181,14503.691190941941
2022-09-30,0.0,100.0,SELL,19897.003669985348,14285.167906359686
2022-10-03,0.0,100.0,SELL,19899.490795444093,14654.924443134147
2022-10-04,0.0,100.0,SELL,19902.108526078493,15103.126257455093
2022-10-05,0.0,100.0,SELL,19904.709226212475,15072.64853408127
2022-10-06,0.0,100.0,SELL,19907.306316844846,14918.228068987228
2022-10-07,0.0,100.0,SELL,19909.907696198075,14500.464137878835
2022-10-10,0.0,100.0,SELL,19912.503094879903,14391.820018087437
2022-10-11,0.0,100.0,SELL,19915.142291718672,14297.996438289589
2022-10-12,0.0,100.0,SELL,19917.934363056636,14250.945207826207
2022-10-13,0.0,100.0,SELL,19920.766345549608,14620.980625729579
2022-10-14,0.0,100.0,SELL,19923.63430349809,14275.008665235084
2022-10-17,0.0,100.0,SELL,19926.550111565997,14653.01211539305
2022-10-18,0.0,100.0,SELL,19929.581003096857,14820.460313223357
2022-10-19,0.0,100.0,SELL,19932.659807019278,14721.577032943836
2022-10-20,0.0,100.0,SELL,19935.73671363235,14604.526639123844
2022-10-21,0.0,100.0,SELL,19938.810139709032,14951.016521714888
2022-10-24,0.0,100.0,SELL,19941.90619383906,15128.663800831075
2022-10-25,0.0,100.0,SELL,19945.043878682653,15374.756477014229
2022-10-26,0.0,100.0,SELL,19948.154355763734,15261.172177224982
2022-10-27,0.0,100.0,SELL,19951.265317931124,15168.344601458957
2022-10-28,0.0,100.0,SELL,19954.408433935576,15541.885953554349
2022-10-31,0.0,100.0,SELL,19957.556004313545,15426.030764572544
2022-11-01,0.0,100.0,SELL,19960.763468671383,15362.764588471062
2022-11-02,0.0,100.0,SELL,19963.95164616985,14978.665593638332
2022-11-03,0.0,100.0,SELL,19967.140332891115,14820.1017517719
2022-11-04,0.0,100.0,SELL,19970.320020754447,15021.932008780781
2022-11-07,0.0,100.0,SELL,19973.47644077995,15166.352593395308
2022-11-08,0.0,100.0,SELL,19976.718167710216,15251.251977068014
2022-11-09,0.0,100.0,SELL,19979.962798958648,14934.363334302789
2022-11-10,0.0,100.0,SELL,19983.177828686814,15762.241885555162
2022-11-11,0.0,100.0,SELL,19986.399719620065,15907.89751516915
2022-11-14,0.0,100.0,SELL,19989.626095574804,15765.747819747183
2022-11-15,0.0,100.0,SELL,19992.90217318491,15903.116695816394
2022-11-16,0.0,100.0,SELL,19996.17482086207,15771.88320458322
2022-11-17,0.0,100.0,SELL,19999.438482252473,15723.158687346375
2022-11-18,0.0,100.0,SELL,20002.720136146287,15797.978510217019
2022-11-21,0.0,100.0,SELL,20005.972959444614,15736.62466185664
2022-11-22,0.0,100.0,SELL,20009.305700495555,15950.327286924869
2022-11-23,0.0,100.0,SELL,20012.640584778972,16044.66878881927
2022-11-25,0.0,100.0,SELL,20015.956171066333,16040.12701043415
2022-11-28,0.0,100.0,SELL,20019.278660933935,15792.400887638805
2022-11-29,0.0,100.0,SELL,20022.657311415875,15767.26174587556
2022-11-30,0.0,100.0,SELL,20026.03653211212,16255.224041146932
2022-12-01,0.0,100.0,SELL,20029.36864207955,16241.120624056299
2022-12-02,0.0,100.0,SELL,20032.713228716293,16221.71846551636
2022-12-05,0.0,100.0,SELL,20036.01862639903,15931.44305048148
2022-12-06,0.0,100.0,SELL,20039.373864438847,15702.043401871702
2022-12-07,0.0,100.0,SELL,20042.700241457693,15672.800723497341
2022-12-08,0.0,100.0,SELL,20046.00092423555,15790.68776070407
2022-12-09,0.0,100.0,SELL,20049.32044653146,15674.6333709159
2022-12-12,0.0,100.0,SELL,20052.636540484677,15898.455396947464
2022-12-13,0.0,100.0,SELL,20056.01684207293,16014.350426090543
2022-12-14,0.0,100.0,SELL,20059.375429020296,15917.4193137134
2022-12-15,0.0,100.0,SELL,20062.729006348964,15520.730827918409
2022-12-16,0.0,100.0,SELL,20066.043337335213,15347.86436815498
2022-12-19,0.0,100.0,SELL,20069.35821584368,15209.619008537764
2022-12-20,0.0,100.0,SELL,20072.72700097277,15225.395712401862
2022-12-21,0.0,100.0,SELL,20076.076438156862,15451.767508754894
2022-12-22,0.0,100.0,SELL,20079.428824254155,15228.46340481988
2022-12-23,0.0,100.0,SELL,20082.76981810575,15317.824886555161
2022-12-27,0.0,100.0,SELL,20086.112961732215,15255.793755453144
2022-12-28,0.0,100.0,SELL,20089.57064260634,15072.40949311365
2022-12-29,0.0,100.0,SELL,20092.99463887261,15335.593598482908
2022-12-30,0.0,100.0,SELL,20096.39131177585,15296.629920757941
